,generator_training_loss,discriminator_loss
0,1.2017480930148001,1.0344075706788167
1,0.7051760168146864,1.1920666894416256
